,palabras,repeticiones
0,comfort,2412
1,soft,1446
2,love,1305
3,great,1252
4,warm,871
5,color,801
6,nice,714
7,qualiti,628
8,good,587
9,bed,541
10,wash,540
11,perfect,497
12,like,487
13,price,486
14,look,476
15,light,386
16,just,384
17,weight,383
18,product,381
19,buy,380
20,blanket,373
21,purchas,310
22,bought,307
23,size,285
24,use,284
25,super,282
26,realli,273
27,set,266
28,lightweight,266
29,comfi,266
30,star,258
31,son,252
32,feel,241
33,order,231
34,room,219
35,fit,208
36,recommend,189
37,happi,186
38,come,186
39,cozi,180
40,time,174
41,expect,171
42,want,170
43,heavi,169
44,king,162
45,beauti,160
46,black,159
47,im,156
48,valu,147
49,got,146
50,night,144
51,keep,141
52,pillow,135
53,definit,134
54,cover,133
55,sleep,130
56,dorm,130
57,need,129
58,worth,127
59,best,123
60,exactli,122
61,amaz,122
62,littl,120
63,excel,117
64,money,117
65,sheet,117
66,pretti,116
67,fabric,115
68,colleg,114
69,fluffi,112
70,dont,111
71,twin,111
72,pictur,110
73,daughter,110
74,right,108
75,winter,105
76,year,104
77,blue,103
78,sham,102
79,came,101
80,materi,100
81,hot,100
82,new,98
83,easi,98
84,ive,97
85,work,94
86,pleas,93
87,doe,90
88,doesnt,89
89,make,88
90,queen,88
91,absolut,87
92,perfectli,87
93,better,86
94,far,86
95,did,85
96,cold,85
97,item,84
98,red,83
99,awesom,82
100,month,78
101,say,77
102,differ,77
103,dri,72
104,home,71
105,match,70
106,warmth,68
107,summer,68
108,true,68
109,review,67
110,arriv,67
111,old,65
112,thought,65
113,hold,65
114,bedroom,65
115,didnt,64
116,stitch,64
117,disappoint,63
118,case,63
119,packag,62
120,2,61
121,stuf,61
122,get,61
123,overs,61
124,kid,61
125,receiv,60
126,hope,59
127,way,59
128,return,59
129,highli,59
130,bit,58
131,havent,58
132,extra,57
133,big,56
134,day,56
135,mattress,56
136,wonder,55
137,guest,55
138,describ,55
139,sure,54
140,dark,54
141,3,54
142,long,54
143,gift,54
144,xl,53
145,thank,52
146,stay,52
147,bare,52
148,grey,51
149,duvet,51
150,start,51
151,apart,51
152,5,51
153,durabl,51
154,open,50
155,amazon,50
156,clean,50
157,actual,50
158,extrem,50
159,go,49
160,cool,49
161,cheap,47
162,wish,47
163,satisfi,47
164,thing,46
165,husband,46
166,reason,45
167,thread,45
168,fall,45
169,problem,44
170,issu,44
171,fast,43
172,ship,43
173,navi,42
174,impress,41
175,poor,41
176,small,41
177,advertis,41
178,christma,41
179,dryer,40
180,week,40
181,think,40
182,tri,39
183,hang,39
184,rip,39
185,second,38
186,washer,38
187,know,38
188,high,38
189,surpris,38
190,bright,38
191,deal,37
192,said,37
193,lot,37
194,vibrant,37
195,machin,37
196,place,36
197,photo,36
198,side,36
199,bag,36
200,isnt,35
201,fine,34
202,wont,34
203,bad,34
204,fill,34
205,wasnt,33
206,live,33
207,orang,33
208,easili,33
209,overal,32
210,lighter,32
211,compani,32
212,boy,32
213,low,32
214,dog,32
215,hole,32
216,altern,32
217,plush,31
218,wrinkl,31
219,your,30
220,quickli,30
221,notic,30
222,quilt,30
223,decent,30
224,green,30
225,white,30
226,tv,29
227,box,29
228,end,29
229,insid,29
230,id,29
231,cost,29
232,heat,29
233,larg,29
234,sweat,29
235,pull,29
236,expens,28
237,seam,28
238,custom,28
239,lint,28
240,pay,28
241,throw,28
242,glad,28
243,weather,28
244,hous,28
245,rich,28
246,heavier,27
247,read,27
248,loos,27
249,servic,27
250,slept,26
251,that,26
252,fade,26
253,wouldnt,26
254,coupl,26
255,stain,26
256,stick,25
257,help,25
258,appear,25
259,quit,25
260,gray,25
261,complet,25
262,unfortun,25
263,especi,25
264,seller,25
265,grandson,25
266,person,24
267,seal,24
268,touch,24
269,granddaught,24
270,warmer,24
271,fluff,24
272,4,24
273,favorit,24
274,1,23
275,updat,23
276,took,23
277,brand,23
278,away,23
279,vacuum,23
280,deliveri,23
281,wrong,23
282,ok,23
283,fantast,22
284,piec,22
285,have,22
286,ill,22
287,probabl,22
288,gave,22
289,teenag,22
290,season,22
291,tear,21
292,simpl,21
293,went,21
294,complaint,21
295,decor,21
296,descript,21
297,pillowcas,21
298,afford,21
299,care,21
300,final,21
301,smell,21
302,breathabl,21
303,plan,21
304,includ,20
305,turn,20
306,let,20
307,soon,20
308,longer,20
309,horribl,20
310,replac,20
311,chang,20
312,hard,20
313,bunch,20
314,own,20
315,give,20
316,load,19
317,felt,19
318,100,19
319,peopl,19
320,cat,19
321,onlin,19
322,mayb,19
323,job,19
324,abl,19
325,thick,19
326,held,19
327,spend,19
328,compar,18
329,goe,18
330,gener,18
331,kept,18
332,cotton,18
333,terribl,18
334,pill,18
335,pleasantli,18
336,california,18
337,choic,18
338,inch,18
339,mom,18
340,point,17
341,instead,17
342,instruct,17
343,lay,17
344,washabl,17
345,run,17
346,regular,17
347,theyr,17
348,edg,17
349,wife,17
350,worri,17
351,deep,17
352,bedspread,17
353,cloud,17
354,teen,17
355,luxuri,17
356,devic,16
357,version,16
358,app,16
359,miss,16
360,decid,16
361,spare,16
362,temp,16
363,beat,16
364,wow,16
365,real,16
366,softest,16
367,colour,16
368,lite,15
369,screen,15
370,usual,15
371,show,15
372,sound,15
373,there,15
374,smaller,15
375,round,15
376,taup,15
377,shown,15
378,ask,15
379,10,15
380,air,15
381,pink,15
382,leav,15
383,incred,15
384,spot,15
385,thicker,15
386,enjoy,15
387,ye,14
388,follow,14
389,consid,14
390,control,14
391,solid,14
392,addit,14
393,huge,14
394,pack,14
395,add,14
396,camera,14
397,wast,14
398,tell,14
399,temperatur,14
400,microfib,14
401,shade,14
402,exceed,14
403,textur,14
404,bulki,14
405,take,13
406,guess,13
407,one,13
408,plu,13
409,option,13
410,pick,13
411,medium,13
412,squar,13
413,flat,13
414,fluf,13
415,honestli,13
416,mean,13
417,send,13
418,bigger,13
419,present,13
420,girl,13
421,snuggl,13
422,okay,13
423,babi,13
424,plenti,13
425,spread,13
426,futur,13
427,attract,13
428,snuggli,13
429,accur,13
430,quick,12
431,spent,12
432,ago,12
433,he,12
434,inexpens,12
435,kind,12
436,echo,12
437,base,12
438,aw,12
439,deliv,12
440,water,12
441,larger,12
442,tini,12
443,shape,12
444,goos,12
445,purpl,12
446,lol,12
447,twice,12
448,soooo,12
449,toasti,12
450,bodi,12
451,spring,12
452,mother,12
453,wide,12
454,gorgeou,12
455,insert,12
456,previou,11
457,prefer,11
458,support,11
459,alexa,11
460,weve,11
461,store,11
462,posit,11
463,caus,11
464,given,11
465,short,11
466,left,11
467,rate,11
468,middl,11
469,wake,11
470,plastic,11
471,fight,11
472,wait,11
473,length,11
474,close,11
475,multipl,11
476,stuck,11
477,sewn,11
478,wider,11
479,sturdi,11
480,melt,11
481,remov,11
482,tore,11
483,wrap,11
484,tag,11
485,child,11
486,fabul,11
487,suppos,11
488,pattern,11
489,na,11
490,la,11
491,happen,10
492,pic,10
493,condit,10
494,free,10
495,later,10
496,watch,10
497,search,10
498,brown,10
499,contact,10
500,unravel,10
501,darker,10
502,standard,10
503,promptli,10
504,provid,10
505,bewar,10
506,brush,10
507,polyest,10
508,softer,10
509,comment,10
510,dislik,10
511,ad,10
512,style,10
513,premium,10
514,sleeper,10
515,truli,10
516,skin,10
517,fell,10
518,hotel,10
519,cuddl,10
520,sooo,10
521,alot,10
522,weird,10
523,liter,10
524,torn,10
525,smooth,10
526,sent,10
527,amazingli,10
528,answer,9
529,remot,9
530,button,9
531,video,9
532,featur,9
533,stuff,9
534,pop,9
535,regret,9
536,monitor,9
537,hand,9
538,floor,9
539,imagin,9
540,string,9
541,cut,9
542,told,9
543,promis,9
544,door,9
545,window,9
546,drape,9
547,feather,9
548,outsid,9
549,cali,9
550,nicer,9
551,kick,9
552,confort,9
553,type,9
554,sand,9
555,saw,9
556,damag,9
557,total,9
558,charcoal,9
559,skeptic,9
560,1010,9
561,6,9
562,student,9
563,experi,8
564,connect,8
565,slightli,8
566,iron,8
567,improv,8
568,function,8
569,fault,8
570,list,8
571,adjust,8
572,switch,8
573,sort,8
574,famili,8
575,odor,8
576,hour,8
577,concern,8
578,puffi,8
579,cycl,8
580,undon,8
581,put,8
582,gone,8
583,creat,8
584,wors,8
585,rest,8
586,design,8
587,immedi,8
588,past,8
589,check,8
590,pair,8
591,display,8
592,fulli,8
593,mention,8
594,doubl,8
595,morn,8
596,delic,8
597,fairli,8
598,threw,8
599,cooler,8
600,taken,8
601,similar,8
602,ball,8
603,colder,8
604,cute,8
605,hair,8
606,hate,8
607,fan,8
608,life,8
609,believ,8
610,florida,8
611,recent,8
612,slide,8
613,averag,8
614,theme,8
615,toddler,8
616,chose,8
617,hypoallergen,8
618,natur,8
619,cheapli,8
620,weigh,8
621,request,8
622,fact,8
623,y,8
624,et,8
625,upgrad,7
626,model,7
627,respons,7
628,youll,7
629,netflix,7
630,certainli,7
631,eas,7
632,initi,7
633,origin,7
634,yesterday,7
635,heard,7
636,arent,7
637,normal,7
638,current,7
639,minut,7
640,realiz,7
641,hesit,7
642,fold,7
643,gen,7
644,1st,7
645,climat,7
646,compact,7
647,play,7
648,sit,7
649,outer,7
650,measur,7
651,chanc,7
652,friend,7
653,finish,7
654,sad,7
655,note,7
656,corner,7
657,90,7
658,basic,7
659,bunk,7
660,south,7
661,oh,7
662,see,7
663,gentl,7
664,wear,7
665,couch,7
666,exact,7
667,breath,7
668,excit,7
669,today,7
670,fuzz,7
671,layer,7
672,uncomfort,7
673,plain,7
674,chemic,7
675,kiddo,7
676,sister,7
677,walmart,7
678,last,7
679,memori,7
680,shred,7
681,shed,7
682,poofi,7
683,surprisingli,7
684,overli,7
685,birthday,7
686,cuddli,7
687,11,7
688,u,7
689,royal,7
690,process,6
691,plug,6
692,allow,6
693,possibl,6
694,account,6
695,7,6
696,select,6
697,smart,6
698,eye,6
699,ring,6
700,write,6
701,annoy,6
702,attach,6
703,ruin,6
704,fresh,6
705,brilliant,6
706,gotten,6
707,avail,6
708,trip,6
709,entir,6
710,foot,6
711,half,6
712,ac,6
713,pile,6
714,defect,6
715,simpli,6
716,market,6
717,shop,6
718,wall,6
719,clock,6
720,offer,6
721,state,6
722,upset,6
723,laid,6
724,move,6
725,continu,6
726,mind,6
727,boyfriend,6
728,neat,6
729,despit,6
730,bring,6
731,master,6
732,mislead,6
733,hung,6
734,shock,6
735,bug,6
736,difficult,6
737,tuck,6
738,near,6
739,claim,6
740,expand,6
741,soo,6
742,pocket,6
743,itll,6
744,wise,6
745,thumb,6
746,unless,6
747,share,6
748,complain,6
749,eleg,6
750,dust,6
751,suggest,6
752,cal,6
753,choos,6
754,fiber,6
755,brighten,6
756,forward,6
757,underneath,6
758,sew,6
759,happier,6
760,def,6
761,12,6
762,rv,6
763,n,6
764,anticip,6
765,grand,6
766,que,6
767,penni,6
768,le,6
769,qualité,6
770,trè,6
771,older,5
772,clear,5
773,setup,5
774,handl,5
775,term,5
776,question,5
777,higher,5
778,main,5
779,certain,5
780,prime,5
781,30,5
782,paid,5
783,15,5
784,break,5
785,univers,5
786,opinion,5
787,useless,5
788,phone,5
789,8,5
790,solut,5
791,trash,5
792,minor,5
793,stand,5
794,except,5
795,doorbel,5
796,2nd,5
797,friendli,5
798,figur,5
799,speaker,5
800,brought,5
801,music,5
802,do,5
803,younger,5
804,assum,5
805,earlier,5
806,woke,5
807,typic,5
808,tuft,5
809,nervou,5
810,brother,5
811,ultra,5
812,approv,5
813,degre,5
814,special,5
815,adequ,5
816,depend,5
817,crazi,5
818,freez,5
819,doubt,5
820,dirti,5
821,ugli,5
822,mess,5
823,specif,5
824,yr,5
825,toss,5
826,snag,5
827,world,5
828,afraid,5
829,call,5
830,roll,5
831,skirt,5
832,construct,5
833,fanci,5
834,post,5
835,flimsi,5
836,line,5
837,nap,5
838,significantli,5
839,ampl,5
840,spill,5
841,ashi,5
842,foam,5
843,topper,5
844,level,5
845,niec,5
846,warmest,5
847,collect,5
848,texa,5
849,squishi,5
850,kinda,5
851,seen,5
852,coronet,5
853,hell,5
854,fullqueen,5
855,exce,5
856,kingcal,5
857,feet,5
858,head,5
859,sooooo,5
860,rough,5
861,disappear,5
862,thinner,5
863,warn,5
864,gon,5
865,slight,5
866,correct,5
867,terrif,5
868,tall,5
869,shipment,5
870,import,5
871,china,5
872,ivi,5
873,union,5
874,trick,5
875,budget,4
876,stream,4
877,user,4
878,elderli,4
879,hdmi,4
880,port,4
881,voic,4
882,volum,4
883,straight,4
884,imag,4
885,instal,4
886,bang,4
887,date,4
888,view,4
889,strong,4
890,iplay,4
891,sign,4
892,enabl,4
893,googl,4
894,gadget,4
895,unus,4
896,octob,4
897,superb,4
898,50,4
899,curtain,4
900,inspect,4
901,manag,4
902,refund,4
903,clearli,4
904,manufactur,4
905,particular,4
906,bother,4
907,eventu,4
908,cleaner,4
909,60,4
910,caught,4
911,laundromat,4
912,agit,4
913,inflat,4
914,activ,4
915,secur,4
916,built,4
917,stylish,4
918,idea,4
919,mountain,4
920,ridicul,4
921,unpack,4
922,weekend,4
923,buyer,4
924,listen,4
925,effect,4
926,poke,4
927,aqua,4
928,backup,4
929,invest,4
930,drop,4
931,knew,4
932,numer,4
933,fluffier,4
934,maintain,4
935,coverag,4
936,camp,4
937,test,4
938,jump,4
939,hog,4
940,southern,4
941,discov,4
942,man,4
943,local,4
944,trap,4
945,area,4
946,readi,4
947,suck,4
948,anyway,4
949,nightli,4
950,lower,4
951,tho,4
952,properli,4
953,constantli,4
954,launder,4
955,lil,4
956,pleasant,4
957,serv,4
958,anymor,4
959,chocol,4
960,holiday,4
961,weekli,4
962,neg,4
963,rel,4
964,teal,4
965,accid,4
966,januari,4
967,overheat,4
968,shrink,4
969,flaw,4
970,practic,4
971,fleec,4
972,buck,4
973,purpos,4
974,suffoc,4
975,somewhat,4
976,garbag,4
977,silki,4
978,itchi,4
979,sooner,4
980,rare,4
981,hit,4
982,unhappi,4
983,puff,4
984,balanc,4
985,asleep,4
986,children,4
987,picki,4
988,eh,4
989,space,4
990,dye,4
991,rang,4
992,outstand,4
993,nephew,4
994,bonu,4
995,omg,4
996,chilli,4
997,tan,4
998,redo,4
999,wellmad,4
1000,dollar,4
1001,scheme,4
1002,steal,4
1003,fray,4
1004,split,4
1005,school,4
1006,greenish,4
1007,game,4
1008,bc,4
1009,neutral,4
1010,,4
1011,hubbi,4
1012,agre,4
1013,encanto,4
1014,troubl,4
1015,met,4
1016,fair,4
1017,lavend,4
1018,nurs,4
1019,excelent,4
1020,poorli,4
1021,twinxl,4
1022,girlfriend,4
1023,comforterveri,4
1024,nou,4
1025,bonn,4
1026,faster,3
1027,menu,3
1028,unlik,3
1029,onscreen,3
1030,physic,3
1031,power,3
1032,pain,3
1033,firestick,3
1034,irrit,3
1035,link,3
1036,icon,3
1037,obviou,3
1038,exampl,3
1039,os,3
1040,4k,3
1041,fix,3
1042,opt,3
1043,cheaper,3
1044,catch,3
1045,bbc,3
1046,non,3
1047,develop,3
1048,struggl,3
1049,polici,3
1050,25,3
1051,fee,3
1052,indic,3
1053,news,3
1054,2020,3
1055,ir,3
1056,televis,3
1057,worst,3
1058,find,3
1059,safe,3
1060,protect,3
1061,cheapest,3
1062,speak,3
1063,method,3
1064,word,3
1065,soni,3
1066,bar,3
1067,bell,3
1068,fortun,3
1069,press,3
1070,stray,3
1071,wed,3
1072,cross,3
1073,mark,3
1074,comput,3
1075,evenli,3
1076,brighter,3
1077,flang,3
1078,20,3
1079,mainli,3
1080,slow,3
1081,modern,3
1082,facil,3
1083,build,3
1084,enhanc,3
1085,exist,3
1086,easier,3
1087,frame,3
1088,ideal,3
1089,bluetooth,3
1090,directli,3
1091,fals,3
1092,armi,3
1093,email,3
1094,crappi,3
1095,pro,3
1096,commerci,3
1097,sued,3
1098,synthet,3
1099,fail,3
1100,block,3
1101,lost,3
1102,wore,3
1103,junk,3
1104,40,3
1105,lack,3
1106,honest,3
1107,fun,3
1108,bat,3
1109,width,3
1110,cours,3
1111,overh,3
1112,refer,3
1113,label,3
1114,till,3
1115,browser,3
1116,html5,3
1117,ultrasoft,3
1118,x,3
1119,disgust,3
1120,maximum,3
1121,face,3
1122,lose,3
1123,92,3
1124,frustrat,3
1125,9,3
1126,mid,3
1127,wet,3
1128,supplier,3
1129,matter,3
1130,luck,3
1131,rid,3
1132,minu,3
1133,plump,3
1134,trim,3
1135,hadnt,3
1136,releas,3
1137,individu,3
1138,direct,3
1139,pin,3
1140,result,3
1141,shrinkag,3
1142,offgass,3
1143,blood,3
1144,bulk,3
1145,singl,3
1146,neatli,3
1147,warmi,3
1148,coverlet,3
1149,pinhol,3
1150,period,3
1151,reach,3
1152,basement,3
1153,theyll,3
1154,tire,3
1155,pad,3
1156,biggest,3
1157,bargain,3
1158,unbeliev,3
1159,furnitur,3
1160,rug,3
1161,discolor,3
1162,roller,3
1163,varieti,3
1164,separ,3
1165,part,3
1166,itth,3
1167,sleek,3
1168,platform,3
1169,3rd,3
1170,usa,3
1171,hundr,3
1172,stone,3
1173,electr,3
1174,asid,3
1175,ran,3
1176,remodel,3
1177,accord,3
1178,tad,3
1179,insul,3
1180,reccomend,3
1181,depict,3
1182,awar,3
1183,ruffl,3
1184,hospit,3
1185,wouldv,3
1186,hardli,3
1187,magic,3
1188,forev,3
1189,keeper,3
1190,gather,3
1191,camper,3
1192,wrinkli,3
1193,pet,3
1194,pass,3
1195,obsess,3
1196,learn,3
1197,complement,3
1198,gel,3
1199,dress,3
1200,remain,3
1201,sooth,3
1202,rememb,3
1203,wood,3
1204,dream,3
1205,what,3
1206,0,3
1207,changer,3
1208,she,3
1209,hassl,3
1210,tight,3
1211,qualityi,3
1212,cot,3
1213,bleed,3
1214,burgundi,3
1215,roomi,3
1216,clump,3
1217,mi,3
1218,est,3
1219,ma,3
1220,sweet,3
1221,repres,3
1222,adult,3
1223,dull,3
1224,book,3
1225,kingsiz,3
1226,earli,3
1227,prefect,3
1228,ha,3
1229,delight,3
1230,richer,3
1231,aspect,3
1232,comfortor,3
1233,cheeri,3
1234,guy,3
1235,scare,3
1236,discrib,3
1237,comfert,3
1238,allergi,3
1239,bold,3
1240,coral,3
1241,preteen,3
1242,lego,3
1243,loader,3
1244,housewar,3
1245,chain,3
1246,mai,3
1247,produit,3
1248,lag,2
1249,interfac,2
1250,occasion,2
1251,intuit,2
1252,oper,2
1253,prompt,2
1254,guid,2
1255,step,2
1256,sourc,2
1257,suit,2
1258,dolbi,2
1259,atmo,2
1260,soundbar,2
1261,chosen,2
1262,pleasur,2
1263,uninstal,2
1264,factori,2
1265,reset,2
1266,glitch,2
1267,brit,2
1268,abil,2
1269,unit,2
1270,channel,2
1271,britbox,2
1272,mainstream,2
1273,upload,2
1274,speed,2
1275,site,2
1276,opportun,2
1277,download,2
1278,unopen,2
1279,charg,2
1280,restock,2
1281,confirm,2
1282,radio,2
1283,squeez,2
1284,rins,2
1285,deterg,2
1286,here,2
1287,sustain,2
1288,wind,2
1289,decis,2
1290,payment,2
1291,realiti,2
1292,privaci,2
1293,transform,2
1294,bravia,2
1295,kdl,2
1296,situat,2
1297,capabl,2
1298,tube,2
1299,integr,2
1300,theyv,2
1301,extens,2
1302,lead,2
1303,enter,2
1304,variou,2
1305,finger,2
1306,nearest,2
1307,mile,2
1308,factor,2
1309,sens,2
1310,repli,2
1311,visitor,2
1312,mobil,2
1313,shame,2
1314,potenti,2
1315,known,2
1316,realist,2
1317,aswel,2
1318,movi,2
1319,safeti,2
1320,kit,2
1321,constant,2
1322,sick,2
1323,shout,2
1324,usabl,2
1325,focus,2
1326,confid,2
1327,appropri,2
1328,flash,2
1329,estim,2
1330,puf,2
1331,meet,2
1332,push,2
1333,upper,2
1334,major,2
1335,meant,2
1336,regard,2
1337,reflect,2
1338,feedback,2
1339,seemingli,2
1340,chariti,2
1341,report,2
1342,pajama,2
1343,velvet,2
1344,sensor,2
1345,sold,2
1346,compromis,2
1347,63,2
1348,age,2
1349,headphon,2
1350,unabl,2
1351,itit,2
1352,cushi,2
1353,adventur,2
1354,coziest,2
1355,retain,2
1356,lumpi,2
1357,fyi,2
1358,flatten,2
1359,muddi,2
1360,seri,2
1361,necessari,2
1362,accept,2
1363,god,2
1364,sub,2
1365,zero,2
1366,alright,2
1367,prepar,2
1368,overnight,2
1369,24,2
1370,prep,2
1371,luckili,2
1372,magnific,2
1373,storm,2
1374,coffe,2
1375,road,2
1376,resolv,2
1377,overhang,2
1378,hunt,2
1379,talk,2
1380,save,2
1381,understand,2
1382,desert,2
1383,distribut,2
1384,closet,2
1385,4mo,2
1386,obvious,2
1387,begin,2
1388,zipper,2
1389,assur,2
1390,juli,2
1391,busi,2
1392,redecor,2
1393,nail,2
1394,bedsheet,2
1395,tre,2
1396,washerdry,2
1397,regardless,2
1398,comparison,2
1399,hawaii,2
1400,cloth,2
1401,paw,2
1402,print,2
1403,respond,2
1404,hype,2
1405,affect,2
1406,visit,2
1407,york,2
1408,importantli,2
1409,dimens,2
1410,cell,2
1411,soak,2
1412,strang,2
1413,carri,2
1414,suspect,2
1415,gentli,2
1416,mix,2
1417,infest,2
1418,joke,2
1419,polyfil,2
1420,heater,2
1421,cave,2
1422,success,2
1423,usag,2
1424,compliment,2
1425,grate,2
1426,even,2
1427,arthriti,2
1428,ceil,2
1429,tumbl,2
1430,tapestri,2
1431,limp,2
1432,rag,2
1433,receipt,2
1434,interior,2
1435,bedset,2
1436,form,2
1437,leightweight,2
1438,cocoon,2
1439,embrac,2
1440,yearround,2
1441,overpr,2
1442,ton,2
1443,lightest,2
1444,visibl,2
1445,shell,2
1446,requir,2
1447,harm,2
1448,comforterit,2
1449,member,2
1450,grandkid,2
1451,med,2
1452,cocoa,2
1453,crunchi,2
1454,august,2
1455,guidelin,2
1456,warehous,2
1457,began,2
1458,45,2
1459,peefect,2
1460,west,2
1461,april,2
1462,comforterlight,2
1463,fashion,2
1464,refus,2
1465,bust,2
1466,versatil,2
1467,cuz,2
1468,resembl,2
1469,18,2
1470,decemb,2
1471,loop,2
1472,horrend,2
1473,workmanship,2
1474,tonight,2
1475,upth,2
1476,xlong,2
1477,toe,2
1478,serious,2
1479,pressur,2
1480,vivid,2
1481,awhil,2
1482,w,2
1483,decept,2
1484,imposs,2
1485,recipi,2
1486,ps,2
1487,regularli,2
1488,previous,2
1489,sweati,2
1490,gass,2
1491,guarante,2
1492,sale,2
1493,cabin,2
1494,tone,2
1495,bef,2
1496,combin,2
1497,consist,2
1498,lesson,2
1499,quiltblanket,2
1500,grab,2
1501,liven,2
1502,superior,2
1503,bunkb,2
1504,height,2
1505,65,2
1506,shoulder,2
1507,17,2
1508,freshman,2
1509,fav,2
1510,bundl,2
1511,blankey,2
1512,childhood,2
1513,burrito,2
1514,comi,2
1515,oliv,2
1516,defin,2
1517,snd,2
1518,nearli,2
1519,battl,2
1520,peac,2
1521,secondari,2
1522,shouldv,2
1523,goid,2
1524,scratchi,2
1525,craftsmanship,2
1526,comforterso,2
1527,deserv,2
1528,mad,2
1529,uncov,2
1530,dude,2
1531,float,2
1532,vega,2
1533,fuzzi,2
1534,burn,2
1535,comfti,2
1536,truck,2
1537,sleepi,2
1538,m,2
1539,weightnot,2
1540,sacrif,2
1541,blemish,2
1542,shouldnt,2
1543,sherpa,2
1544,bound,2
1545,span,2
1546,beig,2
1547,linti,2
1548,tend,2
1549,error,2
1550,es,2
1551,esta,2
1552,para,2
1553,maroon,2
1554,drafti,2
1555,contrast,2
1556,young,2
1557,credit,2
1558,crinkli,2
1559,substanti,2
1560,midweight,2
1561,16,2
1562,yo,2
1563,itif,2
1564,accessori,2
1565,distort,2
1566,angel,2
1567,combo,2
1568,detail,2
1569,thrill,2
1570,resid,2
1571,everyday,2
1572,hug,2
1573,tab,2
1574,grandchildren,2
1575,substitut,2
1576,graduat,2
1577,greatest,2
1578,shortli,2
1579,96,2
1580,easli,2
1581,rectifi,2
1582,turquois,2
1583,1800,2
1584,trueli,2
1585,mail,2
1586,eve,2
1587,descent,2
1588,tween,2
1589,profession,2
1590,minecraft,2
1591,foo,2
1592,avoid,2
1593,winner,2
1594,qauliti,2
1595,twnextra,2
1596,trailer,2
1597,unsur,2
1598,serm,2
1599,tint,2
1600,travel,2
1601,instantli,2
1602,strike,2
1603,biem,2
1604,ontim,2
1605,bye,2
1606,creas,2
1607,anna,2
1608,b,2
1609,hey,2
1610,muy,2
1611,delgado,2
1612,arrugado,2
1613,lo,2
1614,streak,2
1615,crusad,2
1616,comodo,2
1617,authent,2
1618,haha,2
1619,speedi,2
1620,loveeeeew,2
1621,ti,2
1622,score,2
1623,34,2
1624,fleck,2
1625,hop,2
1626,halfway,2
1627,washclean,2
1628,number,2
1629,sizetwin,2
1630,smoothli,2
1631,calidad,2
1632,tela,2
1633,jazz,2
1634,était,2
1635,pouc,2
1636,avon,2
1637,lit,2
1638,pour,2
1639,bien,2
1640,non4k,1
1641,smoother,1
1642,snappier,1
1643,crisp,1
1644,cakeif,1
1645,technophob,1
1646,tech,1
1647,savvi,1
1648,hardwar,1
1649,tvalso,1
1650,audio,1
1651,onefin,1
1652,gimmick,1
1653,kink,1
1654,content,1
1655,speedfunct,1
1656,useamazon,1
1657,featureso,1
1658,respecthowev,1
1659,visual,1
1660,picturedthi,1
1661,7223,1
1662,presum,1
1663,6273i,1
1664,reinstal,1
1665,latest,1
1666,loveour,1
1667,cheaperth,1
1668,brainer,1
1669,optionfir,1
1670,useplug,1
1671,usb,1
1672,instructionsit,1
1673,disney,1
1674,onreal,1
1675,appsi,1
1676,g1,1
1677,sideload,1
1678,kodi,1
1679,swiftli,1
1680,sticki,1
1681,unknown,1
1682,adb,1
1683,debug,1
1684,minsif,1
1685,countless,1
1686,outa,1
1687,720p,1
1688,gripe,1
1689,creep,1
1690,fear,1
1691,amend,1
1692,harsh,1
1693,player,1
1694,audit,1
1695,sing,1
1696,danc,1
1697,ladi,1
1698,unwash,1
1699,sport,1
1700,appshom,1
1701,media,1
1702,reliabl,1
1703,plex,1
1704,fiddl,1
1705,etctip,1
1706,utilis,1
1707,rf,1
1708,frequenc,1
1709,infrar,1
1710,telli,1
1711,cec,1
1712,consum,1
1713,electron,1
1714,renam,1
1715,goi,1
1716,arentt,1
1717,warmw,1
1718,shower,1
1719,rod,1
1720,staircas,1
1721,bannist,1
1722,drynow,1
1723,usenow,1
1724,lesser,1
1725,regularlyoveral,1
1726,samecustom,1
1727,theyd,1
1728,couldnton,1
1729,chat,1
1730,chatso,1
1731,firest,1
1732,assist,1
1733,uk,1
1734,compat,1
1735,nonamazon,1
1736,gain,1
1737,oblig,1
1738,forc,1
1739,tc,1
1740,seldom,1
1741,draw,1
1742,energi,1
1743,progress,1
1744,wallah,1
1745,hindsight,1
1746,simplic,1
1747,newfangl,1
1748,whistl,1
1749,usea,1
1750,straightforward,1
1751,adjac,1
1752,trickaft,1
1753,wifi,1
1754,timeconsum,1
1755,password,1
1756,author,1
1757,code,1
1758,heart,1
1759,contentth,1
1760,virgin,1
1761,framer,1
1762,incompat,1
1763,motion,1
1764,judderif,1
1765,programm,1
1766,paus,1
1767,revert,1
1768,slideshow,1
1769,uturn,1
1770,resum,1
1771,optiona,1
1772,bluray,1
1773,quibbl,1
1774,updownleftright,1
1775,sore,1
1776,throat,1
1777,soregiven,1
1778,punch,1
1779,192019,1
1780,uniform,1
1781,allth,1
1782,costli,1
1783,complainal,1
1784,til,1
1785,genuin,1
1786,usecaveat,1
1787,versu,1
1788,financi,1
1789,rout,1
1790,formani,1
1791,teeni,1
1792,fullsiz,1
1793,compensateoveral,1
1794,purchaseupdatei,1
1795,chew,1
1796,serviceotherwis,1
1797,bluenavi,1
1798,stiff,1
1799,capac,1
1800,dissapoint,1
1801,sec,1
1802,furthermor,1
1803,rung,1
1804,dartboardoth,1
1805,react,1
1806,tablet,1
1807,onboard,1
1808,telephon,1
1809,ident,1
1810,newli,1
1811,2mp,1
1812,1mp,1
1813,recycl,1
1814,powerso,1
1815,modif,1
1816,drive,1
1817,activationi,1
1818,thousand,1
1819,skill,1
1820,maximis,1
1821,recip,1
1822,timer,1
1823,synonym,1
1824,cctv,1
1825,wantth,1
1826,endless,1
1827,improvedconclus,1
1828,tweak,1
1829,rush,1
1830,stop,1
1831,bark,1
1832,shadow,1
1833,walk,1
1834,ruffli,1
1835,mount,1
1836,goingunfortun,1
1837,ringsth,1
1838,downth,1
1839,enoughov,1
1840,sceptic,1
1841,easilynorm,1
1842,functionsmight,1
1843,centr,1
1844,screenpow,1
1845,tricki,1
1846,prove,1
1847,problematici,1
1848,pulldown,1
1849,digit,1
1850,displey,1
1851,michael,1
1852,fifth,1
1853,bedsid,1
1854,ui,1
1855,sluggish,1
1856,buggi,1
1857,mesav,1
1858,output,1
1859,organis,1
1860,jack,1
1861,systemsearphonesbett,1
1862,disappointedit,1
1863,agreat,1
1864,navig,1
1865,faf,1
1866,contain,1
1867,minimum,1
1868,predominantli,1
1869,comforterblanket,1
1870,technic,1
1871,brain,1
1872,stilli,1
1873,con,1
1874,anywaysasid,1
1875,disappointmenti,1
1876,cypress,1
1877,richbright,1
1878,page,1
1879,muteddrab,1
1880,minim,1
1881,loft,1
1882,equal,1
1883,knowi,1
1884,nope,1
1885,wellit,1
1886,sheetsnop,1
1887,towel,1
1888,smallunfortun,1
1889,knee,1
1890,comparisonrefer,1
1891,discontinu,1
1892,sheex,1
1893,brandfor,1
1894,curiou,1
1895,dissatisfact,1
1896,heavythick,1
1897,tighten,1
1898,nautica,1
1899,simiar,1
1900,feelon,1
1901,blind,1
1902,hmmm,1
1903,jab,1
1904,oppos,1
1905,withstand,1
1906,noon,1
1907,field,1
1908,testupd,1
1909,march,1
1910,2020bi,1
1911,jan,1
1912,cloak,1
1913,loung,1
1914,queenful,1
1915,queenslightli,1
1916,fullth,1
1917,tote,1
1918,sage,1
1919,waysth,1
1920,casesalso,1
1921,perm,1
1922,allexcus,1
1923,firstoj,1
1924,dab,1
1925,alarm,1
1926,iot,1
1927,devis,1
1928,socketcan,1
1929,cupboard,1
1930,attempt,1
1931,troubleshoot,1
1932,companion,1
1933,fluke,1
1934,fragil,1
1935,humung,1
1936,salvag,1
1937,apprehens,1
1938,crummi,1
1939,dens,1
1940,comfortablei,1
1941,lg,1
1942,alreadyso,1
1943,downhilli,1
1944,yeah,1
1945,wound,1
1946,abus,1
1947,thrown,1
1948,knock,1
1949,kingcalifornia,1
1950,scrunch,1
1951,norway,1
1952,norwegian,1
1953,tunnel,1
1954,tick,1
1955,recognit,1
1956,ooooooooo,1
1957,niceeee,1
1958,equip,1
1959,liten,1
1960,15vhour,1
1961,coars,1
1962,88,1
1963,embarrass,1
1964,food,1
1965,crazylook,1
1966,sight,1
1967,examin,1
1968,assp,1
1969,graveyard,1
1970,worker,1
1971,graveyardsnightshift,1
1972,heatpleas,1
1973,bay,1
1974,ca,1
1975,youi,1
1976,beach,1
1977,condo,1
1978,rent,1
1979,blown,1
1980,renter,1
1981,salesman,1
1982,team,1
1983,focu,1
1984,polar,1
1985,vortex,1
1986,circl,1
1987,carolina,1
1988,200,1
1989,absurd,1
1990,dodg,1
1991,minnesota,1
1992,unimport,1
1993,presto,1
1994,instant,1
1995,whine,1
1996,ooo,1
1997,85,1
1998,daytim,1
1999,daili,1
2000,thingi,1
2001,song,1
2002,indispens,1
2003,web,1
2004,sharp,1
2005,mum,1
2006,distract,1
2007,pointless,1
2008,stori,1
2009,hear,1
2010,fart,1
2011,aint,1
2012,slipper,1
2013,comfortablethi,1
2014,myselfth,1
2015,hopedit,1
2016,oneupdatei,1
2017,titanium,1
2018,widthwis,1
2019,tugofwar,1
2020,comforatbl,1
2021,command,1
2022,56,1
2023,perish,1
2024,uneasi,1
2025,scari,1
2026,photogen,1
2027,princess,1
2028,thickheavi,1
2029,badfirst,1
2030,up,1
2031,grrr,1
2032,suction,1
2033,arw,1
2034,be,1
2035,300,1
2036,nobut,1
2037,snipe,1
2038,assembl,1
2039,tradit,1
2040,vac,1
2041,litter,1
2042,reduc,1
2043,letter,1
2044,sky,1
2045,june,1
2046,30th,1
2047,11th,1
2048,late,1
2049,relay,1
2050,messag,1
2051,bough,1
2052,isi,1
2053,onethank,1
2054,customerit,1
2055,thatoh,1
2056,hooligan,1
2057,extraordinari,1
2058,midwest,1
2059,wd,1
2060,unexpect,1
2061,heartbeat,1
2062,blow,1
2063,cottag,1
2064,vinegar,1
2065,sat,1
2066,sun,1
2067,umm,1
2068,reviewsif,1
2069,intens,1
2070,nasal,1
2071,passag,1
2072,ventil,1
2073,annoyingth,1
2074,unhealthi,1
2075,volatil,1
2076,organ,1
2077,compound,1
2078,voc,1
2079,houseoth,1
2080,upstat,1
2081,yetth,1
2082,occup,1
2083,potti,1
2084,25threceiv,1
2085,29thafter,1
2086,washingdri,1
2087,myselfwait,1
2088,bedtimebar,1
2089,describedlight,1
2090,nightplan,1
2091,weeksmonth,1
2092,comfortersheet,1
2093,70,1
2094,bedroomotherwis,1
2095,snowman,1
2096,valentin,1
2097,repeat,1
2098,oili,1
2099,lotion,1
2100,oil,1
2101,newborn,1
2102,bottl,1
2103,thatll,1
2104,heavierwarm,1
2105,dryeror,1
2106,dryerit,1
2107,retard,1
2108,washingth,1
2109,hotoveral,1
2110,115,1
2111,45not,1
2112,shirt,1
2113,misc,1
2114,particl,1
2115,lintrol,1
2116,hem,1
2117,silkier,1
2118,stuffingfil,1
2119,messi,1
2120,bumpi,1
2121,surfac,1
2122,allseason,1
2123,roast,1
2124,bullmastiff,1
2125,frequent,1
2126,lowmainten,1
2127,150,1
2128,queensiz,1
2129,mattressthi,1
2130,unfit,1
2131,compens,1
2132,transfer,1
2133,velveti,1
2134,scissor,1
2135,scour,1
2136,internet,1
2137,law,1
2138,hook,1
2139,fir,1
2140,cotten,1
2141,confus,1
2142,productsthat,1
2143,applianc,1
2144,groceri,1
2145,wintercool,1
2146,boot,1
2147,lshape,1
2148,disintegr,1
2149,darkthem,1
2150,bedroomth,1
2151,qualityth,1
2152,treat,1
2153,itselfi,1
2154,clearanc,1
2155,ii,1
2156,sleigh,1
2157,contemporari,1
2158,setwal,1
2159,wisconsin,1
2160,hotter,1
2161,heavili,1
2162,ehhh,1
2163,bedskirt,1
2164,pokémon,1
2165,17year,1
2166,vinyl,1
2167,record,1
2168,filler,1
2169,tact,1
2170,industri,1
2171,lovei,1
2172,xlblack,1
2173,plushi,1
2174,fibromyalgia,1
2175,monthsthank,1
2176,silicon,1
2177,whoe,1
2178,onbiggest,1
2179,coolthi,1
2180,finemi,1
2181,articl,1
2182,novemb,1
2183,ugh,1
2184,fallspr,1
2185,againupd,1
2186,issueswith,1
2187,dissatisfi,1
2188,firm,1
2189,silid,1
2190,mattressbox,1
2191,breaker,1
2192,grow,1
2193,theo,1
2194,vet,1
2195,lightli,1
2196,steam,1
2197,crush,1
2198,england,1
2199,nightupd,1
2200,sweep,1
2201,chin,1
2202,5star,1
2203,ahh,1
2204,campu,1
2205,campus,1
2206,stuffedquilt,1
2207,cling,1
2208,proof,1
2209,coat,1
2210,densiti,1
2211,hive,1
2212,skimpi,1
2213,wellsown,1
2214,uscam,1
2215,wellmi,1
2216,heap,1
2217,flap,1
2218,sigh,1
2219,tie,1
2220,abandon,1
2221,rack,1
2222,dalla,1
2223,tx,1
2224,blanketw,1
2225,perfit,1
2226,timefollow,1
2227,2575,1
2228,boom,1
2229,sanit,1
2230,nake,1
2231,regrett,1
2232,nicest,1
2233,omfort,1
2234,africa,1
2235,reli,1
2236,sa,1
2237,experienceth,1
2238,swimmer,1
2239,ofcours,1
2240,flare,1
2241,welcom,1
2242,sleepyvil,1
2243,extraordinarili,1
2244,floofi,1
2245,soften,1
2246,board,1
2247,rit,1
2248,powdermayb,1
2249,carpet,1
2250,beetl,1
2251,dusti,1
2252,greatth,1
2253,fri,1
2254,em,1
2255,damn,1
2256,dandi,1
2257,toastyaft,1
2258,deflat,1
2259,cosmet,1
2260,itsaid,1
2261,comfortablewhat,1
2262,cozylook,1
2263,snugglingwith,1
2264,wintergreat,1
2265,recommendthank,1
2266,disast,1
2267,greatit,1
2268,car,1
2269,micro,1
2270,disput,1
2271,malfunct,1
2272,unseal,1
2273,drown,1
2274,kitchen,1
2275,pbj,1
2276,wipe,1
2277,casessham,1
2278,futon,1
2279,offic,1
2280,min,1
2281,explain,1
2282,waah,1
2283,who,1
2284,niceexcept,1
2285,comforterjeff,1
2286,apologet,1
2287,bless,1
2288,moon,1
2289,suitabl,1
2290,scrumptiou,1
2291,minimalist,1
2292,ligt,1
2293,standards,1
2294,softestfluffiest,1
2295,trunk,1
2296,tank,1
2297,quot,1
2298,taupedark,1
2299,180,1
2300,eat,1
2301,screw,1
2302,sunlight,1
2303,feeltouch,1
2304,splotchi,1
2305,exchang,1
2306,itwil,1
2307,tomorrow,1
2308,worn,1
2309,critic,1
2310,perman,1
2311,section,1
2312,otherwisr,1
2313,roomhav,1
2314,destroy,1
2315,comforterotherwis,1
2316,perform,1
2317,pucker,1
2318,stripe,1
2319,buta,1
2320,pitti,1
2321,ownership,1
2322,eager,1
2323,accuraci,1
2324,portray,1
2325,stainswat,1
2326,shrinkwrap,1
2327,respon,1
2328,utlra,1
2329,sleepov,1
2330,yup,1
2331,hah,1
2332,sauna,1
2333,underneith,1
2334,softnesslook,1
2335,houston,1
2336,elm,1
2337,itand,1
2338,q,1
2339,appreci,1
2340,heaven,1
2341,earth,1
2342,weav,1
2343,hue,1
2344,quiltcomfort,1
2345,exterior,1
2346,adag,1
2347,highqual,1
2348,paint,1
2349,drap,1
2350,softcon,1
2351,thoughtlook,1
2352,properlyalmost,1
2353,mildew,1
2354,10yr,1
2355,narrow,1
2356,mommi,1
2357,6x,1
2358,hottest,1
2359,boil,1
2360,magma,1
2361,prob,1
2362,suppress,1
2363,spit,1
2364,locat,1
2365,vendor,1
2366,fillthread,1
2367,pure,1
2368,587468,1
2369,sensori,1
2370,cheep,1
2371,clemson,1
2372,leather,1
2373,dogsthey,1
2374,ordinari,1
2375,emit,1
2376,drawback,1
2377,paper,1
2378,frameabsolut,1
2379,textureperfect,1
2380,crimson,1
2381,richlook,1
2382,uw,1
2383,madison,1
2384,badger,1
2385,spirit,1
2386,overdon,1
2387,tempurped,1
2388,coool,1
2389,mild,1
2390,valv,1
2391,silli,1
2392,madekingc,1
2393,obtain,1
2394,ta,1
2395,shut,1
2396,cloudi,1
2397,golden,1
2398,retriev,1
2399,dig,1
2400,redblack,1
2401,garden,1
2402,glove,1
2403,chistma,1
2404,blanki,1
2405,giftand,1
2406,diamondpattern,1
2407,headboard,1
2408,standardqueen,1
2409,buywast,1
2410,scatter,1
2411,branddo,1
2412,andrequir,1
2413,usethi,1
2414,packednic,1
2415,dozen,1
2416,undersid,1
2417,prevent,1
2418,greenishblu,1
2419,wooden,1
2420,bedfram,1
2421,mine,1
2422,nc,1
2423,vacuums,1
2424,remind,1
2425,ocean,1
2426,washeddri,1
2427,tail,1
2428,completelyso,1
2429,remnant,1
2430,chic,1
2431,suttl,1
2432,neededveri,1
2433,esp,1
2434,bounc,1
2435,pigment,1
2436,human,1
2437,stepdaught,1
2438,redid,1
2439,gold,1
2440,accent,1
2441,debat,1
2442,safer,1
2443,refluff,1
2444,steak,1
2445,tempru,1
2446,pedic,1
2447,colorsbar,1
2448,shall,1
2449,tennesse,1
2450,forgiv,1
2451,sweatingwould,1
2452,anxieti,1
2453,qualityprompt,1
2454,plusveri,1
2455,youv,1
2456,fcking,1
2457,shine,1
2458,woodland,1
2459,motif,1
2460,greater,1
2461,yer,1
2462,pug,1
2463,beg,1
2464,peep,1
2465,runmin,1
2466,workyou,1
2467,109,1
2468,strongli,1
2469,normalcold,1
2470,caution,1
2471,differenceth,1
2472,casesi,1
2473,onescolor,1
2474,themhav,1
2475,meh,1
2476,purchasingand,1
2477,cutter,1
2478,fing,1
2479,sow,1
2480,amazonprim,1
2481,assumpt,1
2482,openso,1
2483,muchand,1
2484,christmasi,1
2485,nonetheless,1
2486,priceoveral,1
2487,eem,1
2488,pictureit,1
2489,fw,1
2490,washdri,1
2491,kohl,1
2492,setit,1
2493,fo,1
2494,descriptioncolor,1
2495,blackgray,1
2496,tangray,1
2497,subpar,1
2498,1740,1
2499,teeth,1
2500,granddaughtersh,1
2501,ensur,1
2502,sell,1
2503,allll,1
2504,warmexactli,1
2505,comfortersi,1
2506,morningsay,1
2507,softcomfort,1
2508,crack,1
2509,yuck,1
2510,twintwin,1
2511,xldaughter,1
2512,hint,1
2513,emerald,1
2514,somethingbut,1
2515,lilac,1
2516,sincer,1
2517,ownedi,1
2518,cleanthi,1
2519,blacki,1
2520,moneyi,1
2521,vibe,1
2522,roomif,1
2523,asap,1
2524,broken,1
2525,pase,1
2526,worthless,1
2527,victim,1
2528,attack,1
2529,center,1
2530,headach,1
2531,2yo,1
2532,tape,1
2533,repair,1
2534,loveeeee,1
2535,buyyyi,1
2536,stink,1
2537,dishearten,1
2538,againgreat,1
2539,qualitycomfortpric,1
2540,d,1
2541,easilyjust,1
2542,theright,1
2543,bedgreat,1
2544,pillowsnot,1
2545,upsiz,1
2546,casual,1
2547,purchasedit,1
2548,satisfiedgreat,1
2549,weightcolor,1
2550,dresser,1
2551,overwarm,1
2552,enougb,1
2553,thickest,1
2554,needless,1
2555,94,1
2556,sunggi,1
2557,plum,1
2558,humid,1
2559,itstay,1
2560,mask,1
2561,ya,1
2562,qualitytook,1
2563,slip,1
2564,mat,1
2565,wad,1
2566,drew,1
2567,english,1
2568,starter,1
2569,matress,1
2570,folk,1
2571,dontt,1
2572,scam,1
2573,reput,1
2574,23,1
2575,occur,1
2576,warranti,1
2577,roughest,1
2578,bank,1
2579,2019,1
2580,promin,1
2581,unclean,1
2582,laundri,1
2583,unsatisfi,1
2584,dead,1
2585,bedk,1
2586,granddaughterwond,1
2587,qualityveri,1
2588,aliv,1
2589,moistur,1
2590,nowi,1
2591,53,1
2592,scorch,1
2593,supersoft,1
2594,600count,1
2595,random,1
2596,ligera,1
2597,comoda,1
2598,calientita,1
2599,hijo,1
2600,fascinado,1
2601,edredon,1
2602,pienso,1
2603,pedir,1
2604,uno,1
2605,nada,1
2606,siento,1
2607,falta,1
2608,variedad,1
2609,pero,1
2610,todo,1
2611,perfecto,1
2612,motor,1
2613,closer,1
2614,487519,1
2615,1224787,1
2616,wool,1
2617,inadvert,1
2618,gracious,1
2619,cancel,1
2620,inabl,1
2621,unusu,1
2622,comforterth,1
2623,advertisedfit,1
2624,worm,1
2625,bluewrinkl,1
2626,everi,1
2627,matur,1
2628,grown,1
2629,southwest,1
2630,borderlin,1
2631,ikea,1
2632,klgave,1
2633,noisi,1
2634,sofa,1
2635,stock,1
2636,avocado,1
2637,picturey,1
2638,inlov,1
2639,sot,1
2640,newi,1
2641,stifl,1
2642,wam,1
2643,hotnatur,1
2644,affordablei,1
2645,row,1
2646,vertic,1
2647,deter,1
2648,fiberfil,1
2649,solidcolor,1
2650,rehem,1
2651,deco,1
2652,mow,1
2653,clash,1
2654,thisi,1
2655,comfortableveri,1
2656,summertim,1
2657,werent,1
2658,plant,1
2659,skincar,1
2660,elev,1
2661,colorblind,1
2662,shini,1
2663,67fthi,1
2664,bath,1
2665,sizelength,1
2666,pc,1
2667,tree,1
2668,duti,1
2669,charm,1
2670,repack,1
2671,rival,1
2672,feelinggreat,1
2673,stich,1
2674,decntli,1
2675,arizona,1
2676,father,1
2677,annual,1
2678,highthank,1
2679,houseit,1
2680,softlight,1
2681,pan,1
2682,booyah,1
2683,tower,1
2684,honesti,1
2685,boho,1
2686,tapestryi,1
2687,sweatit,1
2688,retent,1
2689,grandma,1
2690,smh,1
2691,town,1
2692,fasten,1
2693,31121,1
2694,42121,1
2695,grayish,1
2696,cushion,1
2697,thorough,1
2698,42,1
2699,f,1
2700,grest,1
2701,priceveri,1
2702,comforterperfect,1
2703,sturdy,1
2704,refresh,1
2705,sweater,1
2706,yay,1
2707,sadden,1
2708,thiscozi,1
2709,classi,1
2710,robust,1
2711,bum,1
2712,soi,1
2713,self,1
2714,azhim,1
2715,preject,1
2716,tonfind,1
2717,european,1
2718,baffl,1
2719,ms,1
2720,win,1
2721,heavierthick,1
2722,notlijeth,1
2723,nautic,1
2724,itunless,1
2725,collector,1
2726,ail,1
2727,roomsh,1
2728,alzheim,1
2729,artist,1
2730,xmasit,1
2731,dayb,1
2732,heavyweight,1
2733,san,1
2734,diego,1
2735,butter,1
2736,suspici,1
2737,xlt,1
2738,colld,1
2739,core,1
2740,chunk,1
2741,satin,1
2742,fighter,1
2743,absorb,1
2744,recov,1
2745,bomb,1
2746,purchasei,1
2747,setsooo,1
2748,thx,1
2749,boysit,1
2750,floorgreat,1
2751,fittt,1
2752,yess,1
2753,threat,1
2754,greenishgrey,1
2755,koil,1
2756,comforterbut,1
2757,mexico,1
2758,jumbl,1
2759,interest,1
2760,caseswhich,1
2761,caveat,1
2762,shameless,1
2763,goldilock,1
2764,bear,1
2765,duct,1
2766,froze,1
2767,madeclassi,1
2768,colorsoft,1
2769,durablethi,1
2770,imo,1
2771,comfromt,1
2772,14,1
2773,warrrm,1
2774,cane,1
2775,bummer,1
2776,jist,1
2777,parent,1
2778,chiuc,1
2779,forgot,1
2780,orderdd,1
2781,blacker,1
2782,downsid,1
2783,deeper,1
2784,reciev,1
2785,orderedlov,1
2786,itsoft,1
2787,yearwa,1
2788,magnet,1
2789,washdo,1
2790,whatsoev,1
2791,research,1
2792,workactivitiesdefinit,1
2793,againalso,1
2794,cake,1
2795,legit,1
2796,rigor,1
2797,pricey,1
2798,appeal,1
2799,makeov,1
2800,project,1
2801,boughten,1
2802,30000,1
2803,xtralong,1
2804,forsur,1
2805,wack,1
2806,purchasean,1
2807,incorpor,1
2808,uncl,1
2809,tast,1
2810,slipperi,1
2811,1wash,1
2812,settl,1
2813,tendenc,1
2814,wowzurzzzz,1
2815,compet,1
2816,joy,1
2817,donat,1
2818,mimic,1
2819,odd,1
2820,render,1
2821,rocki,1
2822,peak,1
2823,valley,1
2824,tripl,1
2825,catastroph,1
2826,thisit,1
2827,belong,1
2828,steer,1
2829,loveit,1
2830,cleanperfect,1
2831,men,1
2832,die,1
2833,cofort,1
2834,barey,1
2835,goooood,1
2836,marri,1
2837,occas,1
2838,fanfar,1
2839,girli,1
2840,entireti,1
2841,lie,1
2842,pilledshed,1
2843,steamer,1
2844,basebal,1
2845,highschool,1
2846,senior,1
2847,underton,1
2848,suffici,1
2849,million,1
2850,naval,1
2851,comfyi,1
2852,thicklik,1
2853,yasss,1
2854,wondrou,1
2855,1625,1
2856,ith,1
2857,surviv,1
2858,supris,1
2859,fool,1
2860,proper,1
2861,iffi,1
2862,sorri,1
2863,classic,1
2864,az,1
2865,relación,1
2866,calidadprecio,1
2867,producto,1
2868,awsom,1
2869,doesent,1
2870,comfy,1
2871,sheek,1
2872,sheept,1
2873,isso,1
2874,pricw,1
2875,unfold,1
2876,comfortablelook,1
2877,quarter,1
2878,hors,1
2879,10th,1
2880,quantiti,1
2881,lotlook,1
2882,cozya,1
2883,mama,1
2884,dedic,1
2885,stit,1
2886,c,1
2887,hed,1
2888,macular,1
2889,deneragt,1
2890,luv,1
2891,wi,1
2892,intoth,1
2893,silk,1
2894,thanx,1
2895,comfylight,1
2896,sonoro,1
2897,kate,1
2898,conveni,1
2899,goodlook,1
2900,extent,1
2901,tenni,1
2902,niiiccceee,1
2903,anxietyit,1
2904,client,1
2905,delay,1
2906,iv,1
2907,prize,1
2908,ahhhhhh,1
2909,harder,1
2910,dormthank,1
2911,yessss,1
2912,cand,1
2913,vey,1
2914,snug,1
2915,key,1
2916,gret,1
2917,brick,1
2918,lent,1
2919,dime,1
2920,masculin,1
2921,horriblei,1
2922,productnotei,1
2923,havnt,1
2924,washerwil,1
2925,ω,1
2926,wieght,1
2927,productjust,1
2928,websit,1
2929,pedee,1
2930,youuu,1
2931,goodby,1
2932,swatch,1
2933,challeng,1
2934,granddaughtersthey,1
2935,bedsjust,1
2936,comfygreat,1
2937,purchasewil,1
2938,lake,1
2939,coldest,1
2940,circul,1
2941,comfiest,1
2942,retur,1
2943,zone,1
2944,comfortersp,1
2945,moneyfeel,1
2946,blackwhit,1
2947,downgreat,1
2948,fuller,1
2949,feed,1
2950,heather,1
2951,vibrantli,1
2952,washablemi,1
2953,full,1
2954,temporarili,1
2955,cherri,1
2956,btche,1
2957,completelyrip,1
2958,comf,1
2959,ue,1
2960,softjust,1
2961,bigkid,1
2962,elsa,1
2963,yro,1
2964,dad,1
2965,softlightweight,1
2966,wht,1
2967,bkanket,1
2968,tickl,1
2969,aunt,1
2970,discount,1
2971,neededexpect,1
2972,poroduct,1
2973,sneez,1
2974,toc,1
2975,tuckedlook,1
2976,sloppi,1
2977,bet,1
2978,wellwarmveri,1
2979,classywould,1
2980,ish,1
2981,atroci,1
2982,ju,1
2983,nome,1
2984,agrado,1
2985,parecen,1
2986,funda,1
2987,corrient,1
2988,unc,1
2989,tarheel,1
2990,uneven,1
2991,stl,1
2992,freshmen,1
2993,ooh,1
2994,mon,1
2995,ami,1
2996,softcomfyplenti,1
2997,nois,1
2998,dealeasi,1
2999,bloodi,1
3000,nose,1
3001,roomalreadi,1
3002,vibraint,1
3003,comfortery,1
3004,blankethighli,1
3005,shrunk,1
3006,mission,1
3007,accomplish,1
3008,topper3,1
3009,dreami,1
3010,qualitythi,1
3011,suav,1
3012,firsthad,1
3013,sod,1
3014,adapt,1
3015,limpiar,1
3016,upcom,1
3017,complaintcolor,1
3018,moni,1
3019,comfyyi,1
3020,witch,1
3021,comfortabl,1
3022,reinforc,1
3023,perfectjust,1
3024,trundl,1
3025,confi,1
3026,woolrich,1
3027,cardboard,1
3028,plasticki,1
3029,tailor,1
3030,cram,1
3031,skinni,1
3032,dethread,1
3033,cozysoftperfect,1
3034,fitperfect,1
3035,deliverylov,1
3036,farit,1
3037,productpurchas,1
3038,sadli,1
3039,setonli,1
3040,goodth,1
3041,alittl,1
3042,microfibergreat,1
3043,leatheri,1
3044,comfywil,1
3045,beautifulwel,1
3046,105,1
3047,canopi,1
3048,stolen,1
3049,stood,1
3050,washingsdri,1
3051,beati,1
3052,warmveri,1
3053,duribl,1
3054,address,1
3055,softnesss,1
3056,roomthey,1
3057,handsom,1
3058,accompani,1
3059,accommod,1
3060,undeni,1
3061,compfi,1
3062,rightgood,1
3063,disabl,1
3064,qualitt,1
3065,essenti,1
3066,highest,1
3067,greatlook,1
3068,deceiv,1
3069,envelop,1
3070,leap,1
3071,faith,1
3072,stole,1
3073,risk,1
3074,mater,1
3075,iti,1
3076,collag,1
3077,newer,1
3078,satisfactori,1
3079,frill,1
3080,smelli,1
3081,boydont,1
3082,reek,1
3083,sake,1
3084,stiffer,1
3085,durabilitycomfort,1
3086,beautil,1
3087,weateh,1
3088,collegestud,1
3089,patchwork,1
3090,reallysoft,1
3091,duaghter,1
3092,tissu,1
3093,sprinkl,1
3094,bleach,1
3095,health,1
3096,wuick,1
3097,comforters,1
3098,class,1
3099,lovvvvvv,1
3100,surround,1
3101,dreamland,1
3102,sensual,1
3103,softgreat,1
3104,pima,1
3105,3d,1
3106,postag,1
3107,outofpocket,1
3108,equival,1
3109,recd,1
3110,environ,1
3111,offens,1
3112,approxim,1
3113,intoler,1
3114,salvat,1
3115,heirloomqu,1
3116,wringer,1
3117,dryabl,1
3118,iowan,1
3119,isnic,1
3120,comforteri,1
3121,premiumit,1
3122,snuck,1
3123,prop,1
3124,vibranceveri,1
3125,vibrantveri,1
3126,nov,1
3127,28,1
3128,excus,1
3129,snugli,1
3130,dosappoint,1
3131,noncheesi,1
3132,primari,1
3133,lamp,1
3134,poster,1
3135,decal,1
3136,effici,1
3137,ticket,1
3138,blackmi,1
3139,chicago,1
3140,t,1
3141,crippl,1
3142,emot,1
3143,forget,1
3144,proud,1
3145,rat,1
3146,drift,1
3147,pluse,1
3148,87,1
3149,bill,1
3150,80,1
3151,youd,1
3152,motel,1
3153,reorder,1
3154,vs,1
3155,northern,1
3156,dakota,1
3157,todayshow,1
3158,comforternot,1
3159,mediu,1
3160,hotblood,1
3161,oven,1
3162,richli,1
3163,taupebrown,1
3164,j,1
3165,wt,1
3166,thinkin,1
3167,bedit,1
3168,ewwwi,1
3169,maci,1
3170,plainbut,1
3171,intent,1
3172,kingstat,1
3173,drab,1
3174,contempl,1
3175,depart,1
3176,gixtiih,1
3177,ogxgicohhc,1
3178,twinxlcom,1
3179,doi,1
3180,waffl,1
3181,wee,1
3182,dryth,1
3183,outthi,1
3184,bluedark,1
3185,browngreen,1
3186,bluecat,1
3187,expectationsit,1
3188,fianc,1
3189,hogger,1
3190,yorker,1
3191,loloh,1
3192,injuri,1
3193,dressi,1
3194,februari,1
3195,retrospect,1
3196,yellow,1
3197,lab,1
3198,moment,1
3199,hide,1
3200,surgeri,1
3201,diff,1
3202,gunmet,1
3203,nest,1
3204,schedul,1
3205,demag,1
3206,favor,1
3207,surprisednot,1
3208,thickfeel,1
3209,sizeawesom,1
3210,sandi,1
3211,beigeish,1
3212,expos,1
3213,arm,1
3214,el,1
3215,segun,1
3216,indica,1
3217,en,1
3218,foto,1
3219,gusto,1
3220,mode,1
3221,scoop,1
3222,ice,1
3223,cream,1
3224,alaska,1
3225,brisk,1
3226,66,1
3227,border,1
3228,salt,1
3229,damp,1
3230,nit,1
3231,waitint,1
3232,georgia,1
3233,household,1
3234,wick,1
3235,snugglabl,1
3236,loooov,1
3237,ralli,1
3238,iik,1
3239,fordabl,1
3240,soffft,1
3241,fori,1
3242,gst,1
3243,softfeel,1
3244,degrad,1
3245,itlight,1
3246,over,1
3247,farther,1
3248,inbetween,1
3249,4000,1
3250,tent,1
3251,pinkish,1
3252,ivori,1
3253,mesh,1
3254,5yr,1
3255,13yr,1
3256,bedboth,1
3257,blanketwhich,1
3258,satisfact,1
3259,partner,1
3260,64,1
3261,260,1
3262,lb,1
3263,lest,1
3264,atop,1
3265,hiddind,1
3266,floppi,1
3267,canadian,1
3268,seek,1
3269,mage,1
3270,bugger,1
3271,percal,1
3272,recommendthi,1
3273,smother,1
3274,drabflat,1
3275,mute,1
3276,costco,1
3277,heightsthi,1
3278,sizeit,1
3279,thoroughli,1
3280,je,1
3281,voulai,1
3282,couvrelit,1
3283,chambr,1
3284,oreil,1
3285,ce,1
3286,vou,1
3287,mavez,1
3288,livré,1
3289,déchiréj,1
3290,ai,1
3291,lavé,1
3292,cest,1
3293,là,1
3294,jai,1
3295,vu,1
3296,bri,1
3297,doisj,1
3298,chaud,1
3299,120,1
3300,par,1
3301,avec,1
3302,une,1
3303,haut,1
3304,matela,1
3305,épai,1
3306,donc,1
3307,édredon,1
3308,trop,1
3309,petit,1
3310,lédredon,1
3311,parfait,1
3312,notr,1
3313,fallen,1
3314,graygreenish,1
3315,faulti,1
3316,totali,1
3317,nétait,1
3318,pa,1
3319,couleur,1
3320,désirion,1
3321,lavion,1
3322,pri,1
3323,noir,1
3324,il,1
3325,avait,1
3326,de,1
3327,reflet,1
3328,verdâtr,1
3329,toutefoi,1
3330,eu,1
3331,aprè,1
3332,vent,1
3333,merci,1
3334,beaucoup,1
3335,léger,1
3336,utilisez,1
3337,sall,1
3338,séjour,1
3339,fluidabsolut,1
3340,unsanitaryi,1
3341,floral,1
3342,ass,1
3343,allerg,1
3344,beau,1
3345,greasi,1
3346,burnt,1
3347,blanketsit,1
3348,driver,1
3349,iook,1
3350,satisfaitebonn,1
3351,grandeur,1
3352,unpackag,1
